phase,path,sha256
PHASE_001,evidence\phases\PHASE_001\phase_note.md,7414e8d49becaf2d33557de35fd7b4b642473f98b5825446e5a9cb62d77017bc
PHASE_001,evidence\phases\PHASE_001\files_created.txt,94b9b10def51bb95e24a986ee60d122deabffe0f042ce351fda830e21b734dd3
PHASE_001,evidence\phases\PHASE_001\commands_run.txt,f9f0d2ec0349162cf548f98cf607f31b3a3bdcc34592ec31bba7cbff4f3433dc
PHASE_001,evidence\phases\PHASE_001\sources_used.json,12a8453b865dcb665c51035254fa5fc96037581feebb890b1d854de87adcd310
PHASE_001,evidence\phases\PHASE_001\assumptions.json,54490c04c76b4545faec95d143b331bbe89a899eb1c6039c3c83212a35992c68
PHASE_002,evidence\phases\PHASE_002\phase_note.md,5c5e8ad6eac57e99e9942d8789bc4a04093128aa9561055722438e11f692ccc2
PHASE_002,evidence\phases\PHASE_002\files_created.txt,94b9b10def51bb95e24a986ee60d122deabffe0f042ce351fda830e21b734dd3
PHASE_002,evidence\phases\PHASE_002\commands_run.txt,f9f0d2ec0349162cf548f98cf607f31b3a3bdcc34592ec31bba7cbff4f3433dc
PHASE_002,evidence\phases\PHASE_002\sources_used.json,806424217da27085698e4e8a6c5008808160cd17f0d0314415f284ef57d2ca62
PHASE_002,evidence\phases\PHASE_002\assumptions.json,02d42d1807f27816706081d8a44a1e69479bd67979ae4d9180ffa930f13d1281
PHASE_003,evidence\phases\PHASE_003\phase_note.md,01443eda7a2f8f8a5dc6a7ab56239985f2c8026fad865739597a86c39ddc6126
PHASE_003,evidence\phases\PHASE_003\files_created.txt,94b9b10def51bb95e24a986ee60d122deabffe0f042ce351fda830e21b734dd3
PHASE_003,evidence\phases\PHASE_003\commands_run.txt,f9f0d2ec0349162cf548f98cf607f31b3a3bdcc34592ec31bba7cbff4f3433dc
PHASE_003,evidence\phases\PHASE_003\sources_used.json,153d973a38b93cdf759fac1193818bb31763ce733f09b34fcd9d375703052c52
PHASE_003,evidence\phases\PHASE_003\assumptions.json,b22262734d979a26889ba41dbcf41f3fe3cef99b4d3700fb8ebc9ea411c950d7
PHASE_004,evidence\phases\PHASE_004\phase_note.md,c9bfa789e612e4c36b125d36720ab7d3c3170c2791905b938cf82184b2b9461a
PHASE_004,evidence\phases\PHASE_004\files_created.txt,94b9b10def51bb95e24a986ee60d122deabffe0f042ce351fda830e21b734dd3
PHASE_004,evidence\phases\PHASE_004\commands_run.txt,f9f0d2ec0349162cf548f98cf607f31b3a3bdcc34592ec31bba7cbff4f3433dc
PHASE_004,evidence\phases\PHASE_004\sources_used.json,df77e6928a6c187de97cd35f0b622190d5cd1310878ba9515bb2ad9c96146934
PHASE_004,evidence\phases\PHASE_004\assumptions.json,c888f140f5b0b654cd577287a9c73a6c5fd076feb1ac15500d81acf11f62345d
PHASE_005,evidence\phases\PHASE_005\phase_note.md,bc92bddf3ea6973d850d647892f51d55758aa13754120386d87c43410dcfaada
PHASE_005,evidence\phases\PHASE_005\files_created.txt,94b9b10def51bb95e24a986ee60d122deabffe0f042ce351fda830e21b734dd3
PHASE_005,evidence\phases\PHASE_005\commands_run.txt,f9f0d2ec0349162cf548f98cf607f31b3a3bdcc34592ec31bba7cbff4f3433dc
PHASE_005,evidence\phases\PHASE_005\sources_used.json,4d04b6bac53674d6a5c7fbaf0d25540f815f76136e5c9f58f5e688624889172b
PHASE_005,evidence\phases\PHASE_005\assumptions.json,957c081d633bc7a15c44a1c42d2c543d05aa6314dd5f3b341baf7b115367997b
PHASE_006,evidence\phases\PHASE_006\phase_note.md,42e957e7d3da8c71856a91661244480b0b3a52564ce84f2552bbb6b5b7463c66
PHASE_006,evidence\phases\PHASE_006\files_created.txt,94b9b10def51bb95e24a986ee60d122deabffe0f042ce351fda830e21b734dd3
PHASE_006,evidence\phases\PHASE_006\commands_run.txt,f9f0d2ec0349162cf548f98cf607f31b3a3bdcc34592ec31bba7cbff4f3433dc
PHASE_006,evidence\phases\PHASE_006\sources_used.json,edff0b2c5c1c317b13148a51c06779558a56571928a63aed0c1f487244ae3f1e
PHASE_006,evidence\phases\PHASE_006\assumptions.json,75f073d671e0d0976a245e8484425b8594be4a98071c729abc855d115b3f8cbe
PHASE_007,evidence\phases\PHASE_007\phase_note.md,4822540d73ef1fb28cf3e9cf44384e00bc6a672c1574f8bc71d2486b24144bbb
PHASE_007,evidence\phases\PHASE_007\files_created.txt,94b9b10def51bb95e24a986ee60d122deabffe0f042ce351fda830e21b734dd3
PHASE_007,evidence\phases\PHASE_007\commands_run.txt,f9f0d2ec0349162cf548f98cf607f31b3a3bdcc34592ec31bba7cbff4f3433dc
PHASE_007,evidence\phases\PHASE_007\sources_used.json,2e31b95c0d3380ad0a921858980ae27cb4ef4dbcb89d7b9f1c20435e023eee62
PHASE_007,evidence\phases\PHASE_007\assumptions.json,6861ab7532cb1f557fe5d7aad7a3c7e512d141498254be20ef677cab9a02db70
PHASE_008,evidence\phases\PHASE_008\phase_note.md,319c8e9201fb6914f5ff4dffc8e3cc1c4535c4957329f7631034a52917c671a1
PHASE_008,evidence\phases\PHASE_008\files_created.txt,94b9b10def51bb95e24a986ee60d122deabffe0f042ce351fda830e21b734dd3
PHASE_008,evidence\phases\PHASE_008\commands_run.txt,f9f0d2ec0349162cf548f98cf607f31b3a3bdcc34592ec31bba7cbff4f3433dc
PHASE_008,evidence\phases\PHASE_008\sources_used.json,e32f91eb88883c8ae56867973761c29ab602448667ddb452c69ff6e517f695bd
PHASE_008,evidence\phases\PHASE_008\assumptions.json,c785f731a9ced46412ab9fc4b8f108044d4b1ea863a75a1cbf36702cd31ca65b
PHASE_009,evidence\phases\PHASE_009\phase_note.md,3a796f68b65b50e1e36064c917de8817ccf30a957e42b39743d42835e9aedbe0
PHASE_009,evidence\phases\PHASE_009\files_created.txt,94b9b10def51bb95e24a986ee60d122deabffe0f042ce351fda830e21b734dd3
PHASE_009,evidence\phases\PHASE_009\commands_run.txt,f9f0d2ec0349162cf548f98cf607f31b3a3bdcc34592ec31bba7cbff4f3433dc
PHASE_009,evidence\phases\PHASE_009\sources_used.json,aec454cfdbf2019b7a2f661f2857a3b6fe007c693f7f1914001526c12f477dbc
PHASE_009,evidence\phases\PHASE_009\assumptions.json,36a7d4744022f8946a2ef468e1567523d08da2a8b6aafbe87dba9c5cccc07d1c
PHASE_010,evidence\phases\PHASE_010\phase_note.md,6d88a93067094efdcc633d7ccd6c97c0b620edda330eb577eed98e419a3c641f
PHASE_010,evidence\phases\PHASE_010\files_created.txt,94b9b10def51bb95e24a986ee60d122deabffe0f042ce351fda830e21b734dd3
PHASE_010,evidence\phases\PHASE_010\commands_run.txt,f9f0d2ec0349162cf548f98cf607f31b3a3bdcc34592ec31bba7cbff4f3433dc
PHASE_010,evidence\phases\PHASE_010\sources_used.json,5457b70e7aa75f9b9e4249b51ce95d5a04242c2bebdf0311e2ab86d92f8ba5f7
PHASE_010,evidence\phases\PHASE_010\assumptions.json,47eaaa5a4bb2c9042f6023343ff8676cb88befe93d7c5b3e7df079ae59dedcf4
PHASE_011,evidence\phases\PHASE_011\phase_note.md,0c7e6f674f50d252b0017bcd453111b078397f634ede64069bc170763a44be70
PHASE_011,evidence\phases\PHASE_011\files_created.txt,94b9b10def51bb95e24a986ee60d122deabffe0f042ce351fda830e21b734dd3
PHASE_011,evidence\phases\PHASE_011\commands_run.txt,f9f0d2ec0349162cf548f98cf607f31b3a3bdcc34592ec31bba7cbff4f3433dc
PHASE_011,evidence\phases\PHASE_011\sources_used.json,92150a9d4bb075f09b846b02915cf249a45571b90bb2289a26ab8214cdfa778c
PHASE_011,evidence\phases\PHASE_011\assumptions.json,822fd93f3d3228e5f25421f4e7beda8fa463308a92300f449447995e1980a54d
PHASE_012,evidence\phases\PHASE_012\phase_note.md,adb5e90480bc8e580333bf73b752e77d0b9a9dc416c8a9a75c232c2c3cf3b43b
PHASE_012,evidence\phases\PHASE_012\files_created.txt,94b9b10def51bb95e24a986ee60d122deabffe0f042ce351fda830e21b734dd3
PHASE_012,evidence\phases\PHASE_012\commands_run.txt,f9f0d2ec0349162cf548f98cf607f31b3a3bdcc34592ec31bba7cbff4f3433dc
PHASE_012,evidence\phases\PHASE_012\sources_used.json,ae454f23d1853ad5b51f6dd16005f562c7ec0707a107c2827257b514706076d4
PHASE_012,evidence\phases\PHASE_012\assumptions.json,231f1f183452d9a84dd6b5d8beb73894d548adae934d6ca00fcb0f49e35a328b
PHASE_013,evidence\phases\PHASE_013\phase_note.md,b4c4f572bba6a6a01401c6916a9ac11ad2eaeb0dcef8e543e6c93528a138654d
PHASE_013,evidence\phases\PHASE_013\files_created.txt,94b9b10def51bb95e24a986ee60d122deabffe0f042ce351fda830e21b734dd3
PHASE_013,evidence\phases\PHASE_013\commands_run.txt,f9f0d2ec0349162cf548f98cf607f31b3a3bdcc34592ec31bba7cbff4f3433dc
PHASE_013,evidence\phases\PHASE_013\sources_used.json,e01d0599d4cd20c99ae2d6d4ecb7719014eaa4b3ddd340b5196e2ffad7368fdd
PHASE_013,evidence\phases\PHASE_013\assumptions.json,c0ea6751c920abcaeddaf7322d945c5b45d2952d178e3b36f7097c19802382b8
PHASE_014,evidence\phases\PHASE_014\phase_note.md,14c3c7018d3efc0da0e15730e75937b054a39ddd75c91357326814b9471b1ccc
PHASE_014,evidence\phases\PHASE_014\files_created.txt,94b9b10def51bb95e24a986ee60d122deabffe0f042ce351fda830e21b734dd3
PHASE_014,evidence\phases\PHASE_014\commands_run.txt,f9f0d2ec0349162cf548f98cf607f31b3a3bdcc34592ec31bba7cbff4f3433dc
PHASE_014,evidence\phases\PHASE_014\sources_used.json,90d9ef42b699c70e92b96c1e43ace1843ed6f438cab0297b7df0ffba9a07936e
PHASE_014,evidence\phases\PHASE_014\assumptions.json,49a31d7ed7b180b4b2988ea5eaa22b949885eb0d821a5e1aaf25f8b196b00b4a
PHASE_015,evidence\phases\PHASE_015\phase_note.md,165d41e4f5a417d8175a6a56abb09373e188f1fea01e3a36ab8b67953e870e8a
PHASE_015,evidence\phases\PHASE_015\files_created.txt,94b9b10def51bb95e24a986ee60d122deabffe0f042ce351fda830e21b734dd3
PHASE_015,evidence\phases\PHASE_015\commands_run.txt,f9f0d2ec0349162cf548f98cf607f31b3a3bdcc34592ec31bba7cbff4f3433dc
PHASE_015,evidence\phases\PHASE_015\sources_used.json,1f33ae09d31429273100a1fd11179873a8bc766f4c7679a8175de203be855079
PHASE_015,evidence\phases\PHASE_015\assumptions.json,dcfd08c957b4d8a3fc8a0dc3f3d471bf2af5bf7fa4fd97d903956ea0860d886a
PHASE_016,evidence\phases\PHASE_016\phase_note.md,50fb66ecf526962803eed74d6190c4f6cec4d9acfda61006b9f004b60bd09e04
PHASE_016,evidence\phases\PHASE_016\files_created.txt,94b9b10def51bb95e24a986ee60d122deabffe0f042ce351fda830e21b734dd3
PHASE_016,evidence\phases\PHASE_016\commands_run.txt,f9f0d2ec0349162cf548f98cf607f31b3a3bdcc34592ec31bba7cbff4f3433dc
PHASE_016,evidence\phases\PHASE_016\sources_used.json,6f3fb0bbed65f5f4be50c63f8fbbe763fe970983ce039466fe890518ba981060
PHASE_016,evidence\phases\PHASE_016\assumptions.json,7039e41adc00436eaa51a013c8941fef068d4aadfa767471f697245f9fdc8306
PHASE_017,evidence\phases\PHASE_017\phase_note.md,4f30cf26ef29886c7224bd1760c4f9f6246a9b9cd77815d2ba44d932cbc8e963
PHASE_017,evidence\phases\PHASE_017\files_created.txt,94b9b10def51bb95e24a986ee60d122deabffe0f042ce351fda830e21b734dd3
PHASE_017,evidence\phases\PHASE_017\commands_run.txt,f9f0d2ec0349162cf548f98cf607f31b3a3bdcc34592ec31bba7cbff4f3433dc
PHASE_017,evidence\phases\PHASE_017\sources_used.json,774081b1a88187725e1e1d30b8d2739398dfbd2ebe931833756116462ddc872a
PHASE_017,evidence\phases\PHASE_017\assumptions.json,398d54750110d395999e1b942079af4af994ff564644394eb779031754f6ab5c
PHASE_018,evidence\phases\PHASE_018\phase_note.md,a5e53b730b65155b0c6e9e56e8f67ef10a9782a4ed94245f35c1b061486faf55
PHASE_018,evidence\phases\PHASE_018\files_created.txt,94b9b10def51bb95e24a986ee60d122deabffe0f042ce351fda830e21b734dd3
PHASE_018,evidence\phases\PHASE_018\commands_run.txt,f9f0d2ec0349162cf548f98cf607f31b3a3bdcc34592ec31bba7cbff4f3433dc
PHASE_018,evidence\phases\PHASE_018\sources_used.json,6690163034c562a2d2364c140a67aab71b1fa5504e7cb9212f6df102d2d3bf93
PHASE_018,evidence\phases\PHASE_018\assumptions.json,ff81ca62089f0243d2fe9890557a8bb5dd009b1980b9ac82f3298605a611b43a
PHASE_019,evidence\phases\PHASE_019\phase_note.md,ad9cf7b8ff64d9b5a40c63439a2fec9576ee63ce40dac0f0403099080bbc5032
PHASE_019,evidence\phases\PHASE_019\files_created.txt,94b9b10def51bb95e24a986ee60d122deabffe0f042ce351fda830e21b734dd3
PHASE_019,evidence\phases\PHASE_019\commands_run.txt,f9f0d2ec0349162cf548f98cf607f31b3a3bdcc34592ec31bba7cbff4f3433dc
PHASE_019,evidence\phases\PHASE_019\sources_used.json,e1c1e65a95a6f358da3cabb73c4940a1f52ed9cf85799f6f96788e24dd02e9de
PHASE_019,evidence\phases\PHASE_019\assumptions.json,3c49ae59e654bf5074c2f84545b5f2295daa20337c81a21c1578aad52b5e4d1c
PHASE_020,evidence\phases\PHASE_020\phase_note.md,67005c2b5263a1091b08a1b6685fff79598d014693b12ff9c07629f99b9f3162
PHASE_020,evidence\phases\PHASE_020\files_created.txt,94b9b10def51bb95e24a986ee60d122deabffe0f042ce351fda830e21b734dd3
PHASE_020,evidence\phases\PHASE_020\commands_run.txt,f9f0d2ec0349162cf548f98cf607f31b3a3bdcc34592ec31bba7cbff4f3433dc
PHASE_020,evidence\phases\PHASE_020\sources_used.json,ad39ed93b239926d916d42c2061905d9c0fd15c09026e193e6070a44d82c7cf6
PHASE_020,evidence\phases\PHASE_020\assumptions.json,afdf0341164093715ed18c7ed5bdc75f03a201bd4d49873be9afad9bb9100c08
PHASE_021,evidence\phases\PHASE_021\phase_note.md,f942a0245e420d0c50e567beda9c3b36e3450131d7b4c5491db76e5222d2b00f
PHASE_021,evidence\phases\PHASE_021\files_created.txt,94b9b10def51bb95e24a986ee60d122deabffe0f042ce351fda830e21b734dd3
PHASE_021,evidence\phases\PHASE_021\commands_run.txt,f9f0d2ec0349162cf548f98cf607f31b3a3bdcc34592ec31bba7cbff4f3433dc
PHASE_021,evidence\phases\PHASE_021\sources_used.json,98f8cc26de8eeb82abd74f96d0278e1bb3e943ccfe482cdf4279cd536eb94419
PHASE_021,evidence\phases\PHASE_021\assumptions.json,1b473c26b7e63e21bf18a27dc554d82370712562be91fb7f35059f4c380de554
PHASE_022,evidence\phases\PHASE_022\phase_note.md,81724725390df4901c919b5236ba42f4b5a8041474a49e2f03c47d7853f1622c
PHASE_022,evidence\phases\PHASE_022\files_created.txt,94b9b10def51bb95e24a986ee60d122deabffe0f042ce351fda830e21b734dd3
PHASE_022,evidence\phases\PHASE_022\commands_run.txt,f9f0d2ec0349162cf548f98cf607f31b3a3bdcc34592ec31bba7cbff4f3433dc
PHASE_022,evidence\phases\PHASE_022\sources_used.json,1b9f2912eaf1596cfefa80cc5d1a357f71d1c53dcff53b29d0ec2e0213303ab9
PHASE_022,evidence\phases\PHASE_022\assumptions.json,8f25b6d80a78668f3eddbb5232841a5ab68866eef1a98bed04c56c42b9a2074b
PHASE_023,evidence\phases\PHASE_023\phase_note.md,cfb2464ad7f2950ad488f485e56490b29d1222c9f6d0d0ccffe24f46141bc9c2
PHASE_023,evidence\phases\PHASE_023\files_created.txt,94b9b10def51bb95e24a986ee60d122deabffe0f042ce351fda830e21b734dd3
PHASE_023,evidence\phases\PHASE_023\commands_run.txt,f9f0d2ec0349162cf548f98cf607f31b3a3bdcc34592ec31bba7cbff4f3433dc
PHASE_023,evidence\phases\PHASE_023\sources_used.json,0012f4b212a263296ac31ca7c9d17f7cf540ee36782b2b73ac595a75f9efcd72
PHASE_023,evidence\phases\PHASE_023\assumptions.json,3a40fed78e54ec194932d0803f967fedf15251913527a01dfbeb2afa77c70023
PHASE_024,evidence\phases\PHASE_024\phase_note.md,3e9e0491ca0f110c906e509099f76207f5cde59388c9ec5cbe282b04885bb4dd
PHASE_024,evidence\phases\PHASE_024\files_created.txt,94b9b10def51bb95e24a986ee60d122deabffe0f042ce351fda830e21b734dd3
PHASE_024,evidence\phases\PHASE_024\commands_run.txt,f9f0d2ec0349162cf548f98cf607f31b3a3bdcc34592ec31bba7cbff4f3433dc
PHASE_024,evidence\phases\PHASE_024\sources_used.json,2d24521c109642cd204c2777a5a37062394dd5cd5f3ba4643ab7120d12f733b9
PHASE_024,evidence\phases\PHASE_024\assumptions.json,380e600cb413d2234bc9472c8b7499fc65ad8dbaa648d8d406d542d227ec8e21
PHASE_025,evidence\phases\PHASE_025\phase_note.md,edd97f9e3375ca2f9f4f9bace51e44924f8999c2a1142f92524a2473782433fc
PHASE_025,evidence\phases\PHASE_025\files_created.txt,94b9b10def51bb95e24a986ee60d122deabffe0f042ce351fda830e21b734dd3
PHASE_025,evidence\phases\PHASE_025\commands_run.txt,f9f0d2ec0349162cf548f98cf607f31b3a3bdcc34592ec31bba7cbff4f3433dc
PHASE_025,evidence\phases\PHASE_025\sources_used.json,5ff8bb51d53bb5733067fea111a1348ce655b732254bcd17c0b95c9faf713e2e
PHASE_025,evidence\phases\PHASE_025\assumptions.json,9bea0ab00838c03c6cfb96374d7496a3a3f34edec562d031dd8a95db7edf0add
PHASE_026,evidence\phases\PHASE_026\phase_note.md,670925830b5a6b57a9c944a44a99ce8faa11502099bf4ff183a4fd3e3f84eec7
PHASE_026,evidence\phases\PHASE_026\files_created.txt,94b9b10def51bb95e24a986ee60d122deabffe0f042ce351fda830e21b734dd3
PHASE_026,evidence\phases\PHASE_026\commands_run.txt,f9f0d2ec0349162cf548f98cf607f31b3a3bdcc34592ec31bba7cbff4f3433dc
PHASE_026,evidence\phases\PHASE_026\sources_used.json,07b46f383f035cbd76b0c1a99ce7b5c2ea79dee4816a180074c8b69ad912346a
PHASE_026,evidence\phases\PHASE_026\assumptions.json,a9007873b63fe9db5488cf62cd0180694f6be0da5a134a0ae2dfbea9b745a278
PHASE_027,evidence\phases\PHASE_027\phase_note.md,aef8471b7ded035eeb91759a5e2d168363ac063115b28d7acd3ab499fd2b30df
PHASE_027,evidence\phases\PHASE_027\files_created.txt,94b9b10def51bb95e24a986ee60d122deabffe0f042ce351fda830e21b734dd3
PHASE_027,evidence\phases\PHASE_027\commands_run.txt,f9f0d2ec0349162cf548f98cf607f31b3a3bdcc34592ec31bba7cbff4f3433dc
PHASE_027,evidence\phases\PHASE_027\sources_used.json,bb61967b94395faa558c9931dfc7b849c4fb8de713c4c243f85760d5dcd68802
PHASE_027,evidence\phases\PHASE_027\assumptions.json,6d420cd8b746731c35e5156ec1d6474009229125496c8a617f37de525f97eb9a
PHASE_028,evidence\phases\PHASE_028\phase_note.md,8494a40ad2c313fb8cac8e4eac5c27c0e672146de68b1494cc0aafe2cc85422c
PHASE_028,evidence\phases\PHASE_028\files_created.txt,94b9b10def51bb95e24a986ee60d122deabffe0f042ce351fda830e21b734dd3
PHASE_028,evidence\phases\PHASE_028\commands_run.txt,f9f0d2ec0349162cf548f98cf607f31b3a3bdcc34592ec31bba7cbff4f3433dc
PHASE_028,evidence\phases\PHASE_028\sources_used.json,75f5cb34e958f0996b5cf5f120b43d6c625189fbfc0fb1a285cdee42d49ed8bb
PHASE_028,evidence\phases\PHASE_028\assumptions.json,d47f8160b11a1cb284cb7efca3f37c08808a88309bdc2320dedc140b246e867d
PHASE_029,evidence\phases\PHASE_029\phase_note.md,45a9392fa0e2e2c19b95c71d7684c741b9e62718e96471e18c3a1e791c55e6a9
PHASE_029,evidence\phases\PHASE_029\files_created.txt,94b9b10def51bb95e24a986ee60d122deabffe0f042ce351fda830e21b734dd3
PHASE_029,evidence\phases\PHASE_029\commands_run.txt,f9f0d2ec0349162cf548f98cf607f31b3a3bdcc34592ec31bba7cbff4f3433dc
PHASE_029,evidence\phases\PHASE_029\sources_used.json,2bb81c6f02812e1abb77a73c8ae32f152d0abc4655f9fc20528b418041037aff
PHASE_029,evidence\phases\PHASE_029\assumptions.json,66f5dff7cd45a46f10c0e3a5fe857b9a2eb196c6994352c68b137768c4c1d26e
PHASE_030,evidence\phases\PHASE_030\phase_note.md,55e2192a505fcdcce97628f2e6f88a4c6662f94b1cf0bb9354c8445497c9e8b3
PHASE_030,evidence\phases\PHASE_030\files_created.txt,94b9b10def51bb95e24a986ee60d122deabffe0f042ce351fda830e21b734dd3
PHASE_030,evidence\phases\PHASE_030\commands_run.txt,f9f0d2ec0349162cf548f98cf607f31b3a3bdcc34592ec31bba7cbff4f3433dc
PHASE_030,evidence\phases\PHASE_030\sources_used.json,0fdbb127b42e7a68b3000ea1dd9eb78f6f7e3559a3b6378ebb434ea5ba2c3ed0
PHASE_030,evidence\phases\PHASE_030\assumptions.json,8cdb591623f1cf3f92fc3073b0106ad39d9f97eed0b1e00fdede8d63e07c3877
PHASE_031,evidence\phases\PHASE_031\phase_note.md,7b1f327837d8d44291fe6db459d50df331f285b9d59591177e0d668914b26b2e
PHASE_031,evidence\phases\PHASE_031\files_created.txt,94b9b10def51bb95e24a986ee60d122deabffe0f042ce351fda830e21b734dd3
PHASE_031,evidence\phases\PHASE_031\commands_run.txt,f9f0d2ec0349162cf548f98cf607f31b3a3bdcc34592ec31bba7cbff4f3433dc
PHASE_031,evidence\phases\PHASE_031\sources_used.json,1d68f943b566b1e9b71c3a7c28218364e1d2ace13bf7a6da234a780895bb08f8
PHASE_031,evidence\phases\PHASE_031\assumptions.json,b4f0d27050f36198c4be2b2a36ed49863932df8f5734d91dc26e2193b03b53d7
PHASE_032,evidence\phases\PHASE_032\phase_note.md,42819db06aa12b01eaed3133f090ade56d5d7b2b60040995cd900dd99c0ab3e8
PHASE_032,evidence\phases\PHASE_032\files_created.txt,94b9b10def51bb95e24a986ee60d122deabffe0f042ce351fda830e21b734dd3
PHASE_032,evidence\phases\PHASE_032\commands_run.txt,f9f0d2ec0349162cf548f98cf607f31b3a3bdcc34592ec31bba7cbff4f3433dc
PHASE_032,evidence\phases\PHASE_032\sources_used.json,f6c4d60da306ef0a9337ab359b614aeda4bbc0c60bdca04e4ad7f58cf0d09a69
PHASE_032,evidence\phases\PHASE_032\assumptions.json,f10be0cfeb2a01b5cad69e38d311999e0adc792f5e039335f3753df4d9e201c3
PHASE_033,evidence\phases\PHASE_033\phase_note.md,6416d502098da371399f970dc63274c3374d0e34ca1a9a04a0348bd15973d58d
PHASE_033,evidence\phases\PHASE_033\files_created.txt,94b9b10def51bb95e24a986ee60d122deabffe0f042ce351fda830e21b734dd3
PHASE_033,evidence\phases\PHASE_033\commands_run.txt,f9f0d2ec0349162cf548f98cf607f31b3a3bdcc34592ec31bba7cbff4f3433dc
PHASE_033,evidence\phases\PHASE_033\sources_used.json,fdbee9db099318cef643ff6a7f00b52beac0d72b9d7475fd30fdd625a313b8bd
PHASE_033,evidence\phases\PHASE_033\assumptions.json,a83d0d9ab247c89efc4cd9f12d5da6b821f08daa2fd176f84c778df2d468260b
PHASE_034,evidence\phases\PHASE_034\phase_note.md,0fd5ac9258d68c0ab6c6c6ad55db5f6961597bfa61daaadb1561d99b70265abe
PHASE_034,evidence\phases\PHASE_034\files_created.txt,94b9b10def51bb95e24a986ee60d122deabffe0f042ce351fda830e21b734dd3
PHASE_034,evidence\phases\PHASE_034\commands_run.txt,f9f0d2ec0349162cf548f98cf607f31b3a3bdcc34592ec31bba7cbff4f3433dc
PHASE_034,evidence\phases\PHASE_034\sources_used.json,cf44727677e9ff370df96a6ab9e4aedc34c39c716b91214197ee293369d2544d
PHASE_034,evidence\phases\PHASE_034\assumptions.json,6a34c8c034869d5d6126086981e8b1898970ece9952e1a2bb135df07e7bd91b2
PHASE_035,evidence\phases\PHASE_035\phase_note.md,a91dc445aada2428ec5ff6dc400abc154d7e2dc451540d5d4d7987343b318bad
PHASE_035,evidence\phases\PHASE_035\files_created.txt,94b9b10def51bb95e24a986ee60d122deabffe0f042ce351fda830e21b734dd3
PHASE_035,evidence\phases\PHASE_035\commands_run.txt,f9f0d2ec0349162cf548f98cf607f31b3a3bdcc34592ec31bba7cbff4f3433dc
PHASE_035,evidence\phases\PHASE_035\sources_used.json,656172894a18d504348f2b7ca8dca643cbb2daebdd21de9c75ac1db63200fcfb
PHASE_035,evidence\phases\PHASE_035\assumptions.json,aa244c87f83cdae831c16e158e415079ee1ea9e7b105a89d88a948d79682d869
PHASE_036,evidence\phases\PHASE_036\phase_note.md,9d9fe5c8535ee722d6f9d53f6ce0939f80b3688591ed92cecb43ca243bc02d52
PHASE_036,evidence\phases\PHASE_036\files_created.txt,94b9b10def51bb95e24a986ee60d122deabffe0f042ce351fda830e21b734dd3
PHASE_036,evidence\phases\PHASE_036\commands_run.txt,f9f0d2ec0349162cf548f98cf607f31b3a3bdcc34592ec31bba7cbff4f3433dc
PHASE_036,evidence\phases\PHASE_036\sources_used.json,e6bf1fbf3f0d56f4656a1814de2f8d76bb545ea693a10e4bc91eb39a584ac132
PHASE_036,evidence\phases\PHASE_036\assumptions.json,2be044be50a8f241b1cd491f55c5b6ec8607f6f13d8e1bec6d22fcd360e3d6aa
PHASE_037,evidence\phases\PHASE_037\phase_note.md,fb4a8a760df25d02c9aa5a444a66ad023634a9179de7d979fe10e1a0bf87b46e
PHASE_037,evidence\phases\PHASE_037\files_created.txt,94b9b10def51bb95e24a986ee60d122deabffe0f042ce351fda830e21b734dd3
PHASE_037,evidence\phases\PHASE_037\commands_run.txt,f9f0d2ec0349162cf548f98cf607f31b3a3bdcc34592ec31bba7cbff4f3433dc
PHASE_037,evidence\phases\PHASE_037\sources_used.json,f7166fbf129f83acecfceb4b3c71fe473bb7bcbb6201608b1f716dc340829c21
PHASE_037,evidence\phases\PHASE_037\assumptions.json,2c622bf4947f1271ce9770b9c29c3c0d2a3dc59ab5ce7a7506b8db8523e4f824
PHASE_038,evidence\phases\PHASE_038\phase_note.md,e95085fd823137032bd9362b6691b0d851ca7d049088403a2d9ad1ad03083f0e
PHASE_038,evidence\phases\PHASE_038\files_created.txt,94b9b10def51bb95e24a986ee60d122deabffe0f042ce351fda830e21b734dd3
PHASE_038,evidence\phases\PHASE_038\commands_run.txt,f9f0d2ec0349162cf548f98cf607f31b3a3bdcc34592ec31bba7cbff4f3433dc
PHASE_038,evidence\phases\PHASE_038\sources_used.json,9a08c6ca4353a6d2856bc95de6eb429bdfa9973cc4aa426d4cb4ce945ed59e90
PHASE_038,evidence\phases\PHASE_038\assumptions.json,d73f287bf563abebeb2eb7efd36ddd343cea368c683f13d2f5e00952e5a5ffcf
PHASE_039,evidence\phases\PHASE_039\phase_note.md,9675d8f5e4767dedfdd3ce80c594464975d5456ec4b187c28d4bee1914496056
PHASE_039,evidence\phases\PHASE_039\files_created.txt,94b9b10def51bb95e24a986ee60d122deabffe0f042ce351fda830e21b734dd3
PHASE_039,evidence\phases\PHASE_039\commands_run.txt,f9f0d2ec0349162cf548f98cf607f31b3a3bdcc34592ec31bba7cbff4f3433dc
PHASE_039,evidence\phases\PHASE_039\sources_used.json,151f05212e12431ad0c45c6b7c66cb7e9486b9a7c61bda777de7be8d2ae13371
PHASE_039,evidence\phases\PHASE_039\assumptions.json,cdd097fc082d54e9066b782b387df5a179db13c04de6713e582c995723b627a3
PHASE_040,evidence\phases\PHASE_040\phase_note.md,9bec6f35a5d822ed916c89e73a634c4f0cc72680b1a632a29660b65f82d8684e
PHASE_040,evidence\phases\PHASE_040\files_created.txt,94b9b10def51bb95e24a986ee60d122deabffe0f042ce351fda830e21b734dd3
PHASE_040,evidence\phases\PHASE_040\commands_run.txt,f9f0d2ec0349162cf548f98cf607f31b3a3bdcc34592ec31bba7cbff4f3433dc
PHASE_040,evidence\phases\PHASE_040\sources_used.json,485ad2e8d1a8b0b4950f8447dccbd043173bbd7ae5b8b326cceedd2d84e6cce0
PHASE_040,evidence\phases\PHASE_040\assumptions.json,0dfd4c5aa302b8d849721c532af36a6c1d3a9ed0b7c69902869705e9e84aa521
PHASE_041,evidence\phases\PHASE_041\phase_note.md,3a3236fa14b162a9083af0e750c81150cd34aec817f69c9497a68ca547b5d71b
PHASE_041,evidence\phases\PHASE_041\files_created.txt,94b9b10def51bb95e24a986ee60d122deabffe0f042ce351fda830e21b734dd3
PHASE_041,evidence\phases\PHASE_041\commands_run.txt,f9f0d2ec0349162cf548f98cf607f31b3a3bdcc34592ec31bba7cbff4f3433dc
PHASE_041,evidence\phases\PHASE_041\sources_used.json,40ca29339002e71551bb9d889deb558c5b24f4006b3307261e5ebf5385292d0b
PHASE_041,evidence\phases\PHASE_041\assumptions.json,ff84a39ef7f4dd41950091e5747350b316d770db82b3b1066b55455c32e07bcc
PHASE_042,evidence\phases\PHASE_042\phase_note.md,b7b20ea8379240155911c2d3e85fea83c644abc718800e7b878aed69d4a10197
PHASE_042,evidence\phases\PHASE_042\files_created.txt,94b9b10def51bb95e24a986ee60d122deabffe0f042ce351fda830e21b734dd3
PHASE_042,evidence\phases\PHASE_042\commands_run.txt,f9f0d2ec0349162cf548f98cf607f31b3a3bdcc34592ec31bba7cbff4f3433dc
PHASE_042,evidence\phases\PHASE_042\sources_used.json,a99104d9527743fc1f261f24a931f1d97249a390db7e46ccf5a84a66b3f2cc7a
PHASE_042,evidence\phases\PHASE_042\assumptions.json,d1df7be0624dbe65189d63f5cd52b7813f5927493bddd6b3d0b50b97c48d0398
PHASE_043,evidence\phases\PHASE_043\phase_note.md,2fbbb188c11aab49af368a511126ddb63343f3eed9cc2a0adb1e71e5228bf6ce
PHASE_043,evidence\phases\PHASE_043\files_created.txt,94b9b10def51bb95e24a986ee60d122deabffe0f042ce351fda830e21b734dd3
PHASE_043,evidence\phases\PHASE_043\commands_run.txt,f9f0d2ec0349162cf548f98cf607f31b3a3bdcc34592ec31bba7cbff4f3433dc
PHASE_043,evidence\phases\PHASE_043\sources_used.json,91e8132f1e1e3a13b3a778e53ffa848b67c194f6214095039d450f5b55ec4089
PHASE_043,evidence\phases\PHASE_043\assumptions.json,31a605d73012cf32b1cdedbb282b875b8ab77a35f9105afcacaf85570f7deb3c
PHASE_044,evidence\phases\PHASE_044\phase_note.md,ce13a5ab6d25f453f6d7099701d7dca240f67aa0b7a8497ef11d64cf5828dd5b
PHASE_044,evidence\phases\PHASE_044\files_created.txt,94b9b10def51bb95e24a986ee60d122deabffe0f042ce351fda830e21b734dd3
PHASE_044,evidence\phases\PHASE_044\commands_run.txt,f9f0d2ec0349162cf548f98cf607f31b3a3bdcc34592ec31bba7cbff4f3433dc
PHASE_044,evidence\phases\PHASE_044\sources_used.json,9209cd4a3d405e3e4fe751fcd600950e94a1e3f12a0931258f6f9b14bc76611b
PHASE_044,evidence\phases\PHASE_044\assumptions.json,d44a574671b1a1f7f04e9d8e6ef0d47be0d06ef4eeb555c2298ed41e7d68d519
PHASE_045,evidence\phases\PHASE_045\phase_note.md,d5ed0759504d4fa0b15b89c74cfc748d1cea89f51675819a58c22035d9c4a623
PHASE_045,evidence\phases\PHASE_045\files_created.txt,94b9b10def51bb95e24a986ee60d122deabffe0f042ce351fda830e21b734dd3
PHASE_045,evidence\phases\PHASE_045\commands_run.txt,f9f0d2ec0349162cf548f98cf607f31b3a3bdcc34592ec31bba7cbff4f3433dc
PHASE_045,evidence\phases\PHASE_045\sources_used.json,10df6ef9acd67342368b2d8788128d2cdf92c89611c58ab8c26a2ab129b81cfd
PHASE_045,evidence\phases\PHASE_045\assumptions.json,0d6f846cc30de67b779dfa24a6c47865aa3ae9e3af4362c8907885d23f19afb9
PHASE_046,evidence\phases\PHASE_046\phase_note.md,632c65c0dfb47c6d8b4e6789d2c0f6f7b099fc787a1ddde90d249338f8d72c9d
PHASE_046,evidence\phases\PHASE_046\files_created.txt,94b9b10def51bb95e24a986ee60d122deabffe0f042ce351fda830e21b734dd3
PHASE_046,evidence\phases\PHASE_046\commands_run.txt,f9f0d2ec0349162cf548f98cf607f31b3a3bdcc34592ec31bba7cbff4f3433dc
PHASE_046,evidence\phases\PHASE_046\sources_used.json,a7baba54f63bff88518eb2927259638807733052810f1ac57e56f64e4883f067
PHASE_046,evidence\phases\PHASE_046\assumptions.json,863bd706a5f66a8473a014391605b000ee5b9c72bba76bed37691215279ce18a
PHASE_047,evidence\phases\PHASE_047\phase_note.md,70520289d214747c65572c574717bd94a5f8d6130dda981f090db4881e13b1d0
PHASE_047,evidence\phases\PHASE_047\files_created.txt,94b9b10def51bb95e24a986ee60d122deabffe0f042ce351fda830e21b734dd3
PHASE_047,evidence\phases\PHASE_047\commands_run.txt,f9f0d2ec0349162cf548f98cf607f31b3a3bdcc34592ec31bba7cbff4f3433dc
PHASE_047,evidence\phases\PHASE_047\sources_used.json,527e5a224de8c9bb8fe168a5b2221dc0a5beed7cf646e6fd6f63160f79cb34d5
PHASE_047,evidence\phases\PHASE_047\assumptions.json,b7f244e9b6ef33822ae41f99a9f7b2b2750841b5a83e6a73d8e1290882b992cc
PHASE_048,evidence\phases\PHASE_048\phase_note.md,8953ad6d2a5610523251cc8cfe0786c592cfc7a00133cda32c12cf114ec4e373
PHASE_048,evidence\phases\PHASE_048\files_created.txt,94b9b10def51bb95e24a986ee60d122deabffe0f042ce351fda830e21b734dd3
PHASE_048,evidence\phases\PHASE_048\commands_run.txt,f9f0d2ec0349162cf548f98cf607f31b3a3bdcc34592ec31bba7cbff4f3433dc
PHASE_048,evidence\phases\PHASE_048\sources_used.json,a30598e40ce13fa9f2dee4851fabeb0f0ccf27dad1b6ad0d1dfbba9a5d3b1c48
PHASE_048,evidence\phases\PHASE_048\assumptions.json,f0e6b9231fb2008b7208f10fb492b07edf67d81a086ae728a791f32d27a76f3e
PHASE_049,evidence\phases\PHASE_049\phase_note.md,25f721527ffa2fbc6e560d0b1b6e088173e6e0d7e1f94d6d3343168a1cfaccd2
PHASE_049,evidence\phases\PHASE_049\files_created.txt,94b9b10def51bb95e24a986ee60d122deabffe0f042ce351fda830e21b734dd3
PHASE_049,evidence\phases\PHASE_049\commands_run.txt,f9f0d2ec0349162cf548f98cf607f31b3a3bdcc34592ec31bba7cbff4f3433dc
PHASE_049,evidence\phases\PHASE_049\sources_used.json,9d6c4f39ce99d545df678cc0f218bca9e4888ca514b2e629e3e2d50c273a2b78
PHASE_049,evidence\phases\PHASE_049\assumptions.json,9a2a13d754b553cf3982001aeaf8ed9b66d30dd6f3fbbf356621b6e13b8dd7de
PHASE_050,evidence\phases\PHASE_050\phase_note.md,a1c6de8209c0d69b292ff9b8c233685d42c1b184e57bb8be799e5a09eda4706a
PHASE_050,evidence\phases\PHASE_050\files_created.txt,94b9b10def51bb95e24a986ee60d122deabffe0f042ce351fda830e21b734dd3
PHASE_050,evidence\phases\PHASE_050\commands_run.txt,f9f0d2ec0349162cf548f98cf607f31b3a3bdcc34592ec31bba7cbff4f3433dc
PHASE_050,evidence\phases\PHASE_050\sources_used.json,384fa73e4cdf03ab9a704268bf9acbee37061d99e81b6be1144d43793ba4d834
PHASE_050,evidence\phases\PHASE_050\assumptions.json,535b33d5f6d26c62263a9d0cd6af6895119337ad4bae8a8329938cb9ee8e12e9
PHASE_051,evidence\phases\PHASE_051\phase_note.md,f05d0336744fc0cbb48c8599f074631ebb0d4caf4ceb03ce0aa70f5dd814da50
PHASE_051,evidence\phases\PHASE_051\files_created.txt,94b9b10def51bb95e24a986ee60d122deabffe0f042ce351fda830e21b734dd3
PHASE_051,evidence\phases\PHASE_051\commands_run.txt,f9f0d2ec0349162cf548f98cf607f31b3a3bdcc34592ec31bba7cbff4f3433dc
PHASE_051,evidence\phases\PHASE_051\sources_used.json,ae4d2824d8890adc1894732a318a8390489b8a4d960013406a1bef8ef15f5c5b
PHASE_051,evidence\phases\PHASE_051\assumptions.json,fcdf9749e3db923cf8181db6e30fc345035ece45a7ea48e31b6285d01dd2c719
PHASE_052,evidence\phases\PHASE_052\phase_note.md,dd71c4590b8efb31589a17ed13204970c2a09e925202db2a1706c1cf51a81d46
PHASE_052,evidence\phases\PHASE_052\files_created.txt,94b9b10def51bb95e24a986ee60d122deabffe0f042ce351fda830e21b734dd3
PHASE_052,evidence\phases\PHASE_052\commands_run.txt,f9f0d2ec0349162cf548f98cf607f31b3a3bdcc34592ec31bba7cbff4f3433dc
PHASE_052,evidence\phases\PHASE_052\sources_used.json,61d44c01f435c262aa87be810f4addbb676050f487ca45a97a385b4594f0cd0e
PHASE_052,evidence\phases\PHASE_052\assumptions.json,6c58a30e8abab0dc398a2d2a8554736a31b6679f887ace9ea295c8609282269d
PHASE_053,evidence\phases\PHASE_053\phase_note.md,aa68d9fbe03e9c73f35dd7dcc331db05b27cd31d499117035305814343a9119b
PHASE_053,evidence\phases\PHASE_053\files_created.txt,94b9b10def51bb95e24a986ee60d122deabffe0f042ce351fda830e21b734dd3
PHASE_053,evidence\phases\PHASE_053\commands_run.txt,f9f0d2ec0349162cf548f98cf607f31b3a3bdcc34592ec31bba7cbff4f3433dc
PHASE_053,evidence\phases\PHASE_053\sources_used.json,e5be621dfd5eb2ffc0b9827c8963c48cc4a27f9ff67191c431ea53694f871fb7
PHASE_053,evidence\phases\PHASE_053\assumptions.json,d0bbe30fedda10ae9f3aa6936646d5d318ba07aa13dd60c31a63204d0a8b427f
PHASE_054,evidence\phases\PHASE_054\phase_note.md,e66875b1518f1f9322b938e2813df6815576d0b44cde20b7124e372e7a090902
PHASE_054,evidence\phases\PHASE_054\files_created.txt,94b9b10def51bb95e24a986ee60d122deabffe0f042ce351fda830e21b734dd3
PHASE_054,evidence\phases\PHASE_054\commands_run.txt,f9f0d2ec0349162cf548f98cf607f31b3a3bdcc34592ec31bba7cbff4f3433dc
PHASE_054,evidence\phases\PHASE_054\sources_used.json,8d19c3754d30814f4b363f24f3b553ffdf817be67d562dfede5c174d282f7e6f
PHASE_054,evidence\phases\PHASE_054\assumptions.json,4bde352ccef5fc196ab9653a48eb2642dc825d57604d4c17ba4dc7bed48b0fa7
PHASE_055,evidence\phases\PHASE_055\phase_note.md,fed51197961d9b4b9fc32f505d6877e4ee4c440474a7ca99d0795708c7998c16
PHASE_055,evidence\phases\PHASE_055\files_created.txt,94b9b10def51bb95e24a986ee60d122deabffe0f042ce351fda830e21b734dd3
PHASE_055,evidence\phases\PHASE_055\commands_run.txt,f9f0d2ec0349162cf548f98cf607f31b3a3bdcc34592ec31bba7cbff4f3433dc
PHASE_055,evidence\phases\PHASE_055\sources_used.json,cd6b38cd4c14e0884568011896ebaf30bdc945be8e37feb0ab624d1127cc3679
PHASE_055,evidence\phases\PHASE_055\assumptions.json,888518c00ab561ca71418fd35011e9d5ca92c445872bd3a736a0b0b88e217f0a
PHASE_056,evidence\phases\PHASE_056\phase_note.md,b36b6130d8f119491000520eec55fa205135aa2d3f4e1347b91234b735007a8f
PHASE_056,evidence\phases\PHASE_056\files_created.txt,94b9b10def51bb95e24a986ee60d122deabffe0f042ce351fda830e21b734dd3
PHASE_056,evidence\phases\PHASE_056\commands_run.txt,f9f0d2ec0349162cf548f98cf607f31b3a3bdcc34592ec31bba7cbff4f3433dc
PHASE_056,evidence\phases\PHASE_056\sources_used.json,4632b9ff0e2371b2e8980957587064dab1fa0a048e8eef726223339e9b040be2
PHASE_056,evidence\phases\PHASE_056\assumptions.json,3f26b3a42976ccae9e73ab25c10775ad75968d0f8d4104bea603a4a028600f96
PHASE_057,evidence\phases\PHASE_057\phase_note.md,8d5b459cd6554f594788f01197082aeae7717cc1c6b5aa08da503d74eff39f28
PHASE_057,evidence\phases\PHASE_057\files_created.txt,94b9b10def51bb95e24a986ee60d122deabffe0f042ce351fda830e21b734dd3
PHASE_057,evidence\phases\PHASE_057\commands_run.txt,f9f0d2ec0349162cf548f98cf607f31b3a3bdcc34592ec31bba7cbff4f3433dc
PHASE_057,evidence\phases\PHASE_057\sources_used.json,142d80bd0fa8acce2faec2fa634b77a1c8b6fecbf4d6c1e5560659cb12d3a64b
PHASE_057,evidence\phases\PHASE_057\assumptions.json,3b70c9c65d22cb70658d0ddccef8f1b8b42e8c208f46f5822396c38beffcb6f0
PHASE_058,evidence\phases\PHASE_058\phase_note.md,e1ef38bc16022bc67766119e5990d453c61355b95de48b62ddc8e6a9e3b14206
PHASE_058,evidence\phases\PHASE_058\files_created.txt,94b9b10def51bb95e24a986ee60d122deabffe0f042ce351fda830e21b734dd3
PHASE_058,evidence\phases\PHASE_058\commands_run.txt,f9f0d2ec0349162cf548f98cf607f31b3a3bdcc34592ec31bba7cbff4f3433dc
PHASE_058,evidence\phases\PHASE_058\sources_used.json,6707b17ec37f9e44e946cb7b065ef11bb50744e2907ff5eb5a1c754e38305309
PHASE_058,evidence\phases\PHASE_058\assumptions.json,2ed60b71a590f975733a77640a501d98d52502b80108232f6558b069da469388
PHASE_059,evidence\phases\PHASE_059\phase_note.md,3aeeceae0fbe2072338f2611b310ab3f7a83a8fbdcfa8b33cd15bc7a73225901
PHASE_059,evidence\phases\PHASE_059\files_created.txt,94b9b10def51bb95e24a986ee60d122deabffe0f042ce351fda830e21b734dd3
PHASE_059,evidence\phases\PHASE_059\commands_run.txt,f9f0d2ec0349162cf548f98cf607f31b3a3bdcc34592ec31bba7cbff4f3433dc
PHASE_059,evidence\phases\PHASE_059\sources_used.json,cdfad7a860da3271e1b8dc747acedea322bf4a4e4c89608348d35261fa9bd5f4
PHASE_059,evidence\phases\PHASE_059\assumptions.json,4260a176c2aac4029d4773e582c8d9188f506c737a63713c76dd70d569340cbd
PHASE_060,evidence\phases\PHASE_060\phase_note.md,a1ed1cf10613503887f5b18c21c12fd690c81d6b05ffea136566cd8bee2e5ed6
PHASE_060,evidence\phases\PHASE_060\files_created.txt,94b9b10def51bb95e24a986ee60d122deabffe0f042ce351fda830e21b734dd3
PHASE_060,evidence\phases\PHASE_060\commands_run.txt,f9f0d2ec0349162cf548f98cf607f31b3a3bdcc34592ec31bba7cbff4f3433dc
PHASE_060,evidence\phases\PHASE_060\sources_used.json,173a39d23c90bbd4b58c9c868b20fefe91a0f67ff2a5f98b4f3c9567ee1e8689
PHASE_060,evidence\phases\PHASE_060\assumptions.json,8fb06983da1ae4b729bdbac16e87532a818bcbbecf34e80519f2e3a9e5f2614c
PHASE_061,evidence\phases\PHASE_061\phase_note.md,4a5acc089f7cef08a63c2677f710938bb45c80fb7d045a08be676cc2d345f3a4
PHASE_061,evidence\phases\PHASE_061\files_created.txt,94b9b10def51bb95e24a986ee60d122deabffe0f042ce351fda830e21b734dd3
PHASE_061,evidence\phases\PHASE_061\commands_run.txt,f9f0d2ec0349162cf548f98cf607f31b3a3bdcc34592ec31bba7cbff4f3433dc
PHASE_061,evidence\phases\PHASE_061\sources_used.json,6ee596b8b55b54a3b52ba5cd3dfaef5532cd05043eccd2995868d8c96141aff3
PHASE_061,evidence\phases\PHASE_061\assumptions.json,b86591d8a93085f37c1f06196af4068e698aeb33982f83d98c7a59f1da96625b
PHASE_062,evidence\phases\PHASE_062\phase_note.md,d060dfcbf69f0d026e88385832fb1be733cae943ec51c5332155d25b300d7afa
PHASE_062,evidence\phases\PHASE_062\files_created.txt,94b9b10def51bb95e24a986ee60d122deabffe0f042ce351fda830e21b734dd3
PHASE_062,evidence\phases\PHASE_062\commands_run.txt,f9f0d2ec0349162cf548f98cf607f31b3a3bdcc34592ec31bba7cbff4f3433dc
PHASE_062,evidence\phases\PHASE_062\sources_used.json,6e4dd69c6d15ec260b74f0f5378c84bf6e55c8ce7b88f6449419a7aae61adc75
PHASE_062,evidence\phases\PHASE_062\assumptions.json,82194aa943f266aef50dbc22ebdc2782ced83a062a2b79be9357f2c833281c2e
PHASE_063,evidence\phases\PHASE_063\phase_note.md,66319529be108c88533f4655ae5253ccd1830eaca5428b9f21be5cafed5cb7dc
PHASE_063,evidence\phases\PHASE_063\files_created.txt,94b9b10def51bb95e24a986ee60d122deabffe0f042ce351fda830e21b734dd3
PHASE_063,evidence\phases\PHASE_063\commands_run.txt,f9f0d2ec0349162cf548f98cf607f31b3a3bdcc34592ec31bba7cbff4f3433dc
PHASE_063,evidence\phases\PHASE_063\sources_used.json,04bdb673c0c57b337530933cce3de1d965a26ecae63eb49770cdbae16391bbd5
PHASE_063,evidence\phases\PHASE_063\assumptions.json,8ebcc2cdaaa94b219df40fe228c35c8fcdc226ccef9a6dc7b22f417576cfe67e
PHASE_064,evidence\phases\PHASE_064\phase_note.md,9f7979dd97a8ca4886a1bc71d23408e94b41b9f0415a209e2e1dec432aa78a35
PHASE_064,evidence\phases\PHASE_064\files_created.txt,94b9b10def51bb95e24a986ee60d122deabffe0f042ce351fda830e21b734dd3
PHASE_064,evidence\phases\PHASE_064\commands_run.txt,f9f0d2ec0349162cf548f98cf607f31b3a3bdcc34592ec31bba7cbff4f3433dc
PHASE_064,evidence\phases\PHASE_064\sources_used.json,0aac9cb9b66f84407103482e09fbef1ad35f960ef41b0fc0213e70fe2dc9ff31
PHASE_064,evidence\phases\PHASE_064\assumptions.json,991d29e264102ebbcc90358869489773725a40f55e9a42d12120ddab5c30c636
PHASE_065,evidence\phases\PHASE_065\phase_note.md,fbf9788e2dd40db4cb97cc3f5c1f87b06033d4f3ca0c639782939a06b403542f
PHASE_065,evidence\phases\PHASE_065\files_created.txt,94b9b10def51bb95e24a986ee60d122deabffe0f042ce351fda830e21b734dd3
PHASE_065,evidence\phases\PHASE_065\commands_run.txt,f9f0d2ec0349162cf548f98cf607f31b3a3bdcc34592ec31bba7cbff4f3433dc
PHASE_065,evidence\phases\PHASE_065\sources_used.json,722fe7474935a3f31acc18fe7f2148ea170608280fc9c7dc10d21fcce0272d81
PHASE_065,evidence\phases\PHASE_065\assumptions.json,9b62560448913d57da6233b498b98122a76540e57f9b5627a98dfc7611b462c1
PHASE_066,evidence\phases\PHASE_066\phase_note.md,da76a59c638e8a6bc7000b38f8389b489b9ece69510c5d530e9b833b113e4d0e
PHASE_066,evidence\phases\PHASE_066\files_created.txt,94b9b10def51bb95e24a986ee60d122deabffe0f042ce351fda830e21b734dd3
PHASE_066,evidence\phases\PHASE_066\commands_run.txt,f9f0d2ec0349162cf548f98cf607f31b3a3bdcc34592ec31bba7cbff4f3433dc
PHASE_066,evidence\phases\PHASE_066\sources_used.json,581dec55783bfe6b69d4be25652bc1690783931a8cf0dbdc20325fcf602e53c5
PHASE_066,evidence\phases\PHASE_066\assumptions.json,2d9e482248cdcead79f0dfaabbb45f5c21bebc71ef711dec545dde0e510619b1
PHASE_067,evidence\phases\PHASE_067\phase_note.md,2baf3a9533331e9502e6690b42858da31b629e00afd3cf4d6afd68ae91437bb2
PHASE_067,evidence\phases\PHASE_067\files_created.txt,94b9b10def51bb95e24a986ee60d122deabffe0f042ce351fda830e21b734dd3
PHASE_067,evidence\phases\PHASE_067\commands_run.txt,f9f0d2ec0349162cf548f98cf607f31b3a3bdcc34592ec31bba7cbff4f3433dc
PHASE_067,evidence\phases\PHASE_067\sources_used.json,5d23d65f571888d6b5eeab830e7a953ea629bb31cace90b9879d7a5bf3a2a984
PHASE_067,evidence\phases\PHASE_067\assumptions.json,07dc3fb3818e713058173821f2c4bb475d8acac446f80368a0fdfe11b41e06b7
PHASE_068,evidence\phases\PHASE_068\phase_note.md,d948d75e71212791ac51c0f70425e71cfe187cdfda45639f61a25a6b7c4c7115
PHASE_068,evidence\phases\PHASE_068\files_created.txt,94b9b10def51bb95e24a986ee60d122deabffe0f042ce351fda830e21b734dd3
PHASE_068,evidence\phases\PHASE_068\commands_run.txt,f9f0d2ec0349162cf548f98cf607f31b3a3bdcc34592ec31bba7cbff4f3433dc
PHASE_068,evidence\phases\PHASE_068\sources_used.json,662f5cd9ce0a00d42c7fcf06e4479b68b9cc4189fd5082c02772f806bbc98d54
PHASE_068,evidence\phases\PHASE_068\assumptions.json,ebf1938dab985cdb40562f3871d3ed7e21cafe29f17837a75e9b478ecacdddb5
PHASE_069,evidence\phases\PHASE_069\phase_note.md,9dc3553442dfabb305cb5905dc1c80b8147d0a0b3fbbda6afbd379f3a37db324
PHASE_069,evidence\phases\PHASE_069\files_created.txt,94b9b10def51bb95e24a986ee60d122deabffe0f042ce351fda830e21b734dd3
PHASE_069,evidence\phases\PHASE_069\commands_run.txt,f9f0d2ec0349162cf548f98cf607f31b3a3bdcc34592ec31bba7cbff4f3433dc
PHASE_069,evidence\phases\PHASE_069\sources_used.json,f857706be3e8a014a3d120c017e3f23ab070d16b6a1b087dcb81b40dda9bce79
PHASE_069,evidence\phases\PHASE_069\assumptions.json,d9beddaa02d40db7a1098e8ad30a78998c2fd34d481939d7b318227900e4be21
PHASE_070,evidence\phases\PHASE_070\phase_note.md,1df72054eb274ab0d099767527fb1eebcbb6fcff231106d967d2cbda8a54b935
PHASE_070,evidence\phases\PHASE_070\files_created.txt,94b9b10def51bb95e24a986ee60d122deabffe0f042ce351fda830e21b734dd3
PHASE_070,evidence\phases\PHASE_070\commands_run.txt,f9f0d2ec0349162cf548f98cf607f31b3a3bdcc34592ec31bba7cbff4f3433dc
PHASE_070,evidence\phases\PHASE_070\sources_used.json,49e23ff00c9ce72e88c5a3ecafdfa907ec88da4e8815c94912482ae91dff58b4
PHASE_070,evidence\phases\PHASE_070\assumptions.json,790652f3514b6f7067d5927100f0327fc423f4eda584450a22924776c7a98088
PHASE_071,evidence\phases\PHASE_071\phase_note.md,03e7197edbb4fb4646fef3000e8404561ad408475dcf8f0b65ad96915a52fd8f
PHASE_071,evidence\phases\PHASE_071\files_created.txt,94b9b10def51bb95e24a986ee60d122deabffe0f042ce351fda830e21b734dd3
PHASE_071,evidence\phases\PHASE_071\commands_run.txt,f9f0d2ec0349162cf548f98cf607f31b3a3bdcc34592ec31bba7cbff4f3433dc
PHASE_071,evidence\phases\PHASE_071\sources_used.json,6badaa0e15a451ae4bdebc2cfcf458076e6a7a36e1ecf255991684dd4aeb44e1
PHASE_071,evidence\phases\PHASE_071\assumptions.json,bed95d79c1b80277c7084cdadd4b406588324de3e79c107852ece8f8e10f3154
PHASE_072,evidence\phases\PHASE_072\phase_note.md,36fab9e279f3f9b6db4f915a527c62a4aac0a10f15e4a07f7de967af907eb9be
PHASE_072,evidence\phases\PHASE_072\files_created.txt,94b9b10def51bb95e24a986ee60d122deabffe0f042ce351fda830e21b734dd3
PHASE_072,evidence\phases\PHASE_072\commands_run.txt,f9f0d2ec0349162cf548f98cf607f31b3a3bdcc34592ec31bba7cbff4f3433dc
PHASE_072,evidence\phases\PHASE_072\sources_used.json,8b572af9e271b75c1f845661b5920dd91830255d10df6f01e7dee5688792a1e6
PHASE_072,evidence\phases\PHASE_072\assumptions.json,a3b123b9cbd945615343643f928697e303ffe1d90048bbc3e37c4e2d1bcdf052
PHASE_073,evidence\phases\PHASE_073\phase_note.md,31ea49ceb6502df678ba93aeef155b438f741482bd75e4bffd3e406f0f00b689
PHASE_073,evidence\phases\PHASE_073\files_created.txt,94b9b10def51bb95e24a986ee60d122deabffe0f042ce351fda830e21b734dd3
PHASE_073,evidence\phases\PHASE_073\commands_run.txt,f9f0d2ec0349162cf548f98cf607f31b3a3bdcc34592ec31bba7cbff4f3433dc
PHASE_073,evidence\phases\PHASE_073\sources_used.json,5efc38915a87a6f0926777b559ab971f78aaa2d8d2ea6c2f70f7a27116eb62bd
PHASE_073,evidence\phases\PHASE_073\assumptions.json,1b0aa53d81f35a829324e8e33219652b4feacbb44836acd446ddc3466840f31c
PHASE_074,evidence\phases\PHASE_074\phase_note.md,ffbb12edaa818b4437bbf880912a84c93f6435fc5c334cdd500844713987c05b
PHASE_074,evidence\phases\PHASE_074\files_created.txt,94b9b10def51bb95e24a986ee60d122deabffe0f042ce351fda830e21b734dd3
PHASE_074,evidence\phases\PHASE_074\commands_run.txt,f9f0d2ec0349162cf548f98cf607f31b3a3bdcc34592ec31bba7cbff4f3433dc
PHASE_074,evidence\phases\PHASE_074\sources_used.json,f501f32e0a0c25864608f7a585dfb5acfdef22652a973a1932a64150d52637bd
PHASE_074,evidence\phases\PHASE_074\assumptions.json,9ae6b2792a1c792102bfd8686e942e46d7b30ba8873781907512e518ee385cff
PHASE_075,evidence\phases\PHASE_075\phase_note.md,5240d278175ecd2388376bfadff25bf3a2c89966fa7737a4880beea0e834ab8c
PHASE_075,evidence\phases\PHASE_075\files_created.txt,94b9b10def51bb95e24a986ee60d122deabffe0f042ce351fda830e21b734dd3
PHASE_075,evidence\phases\PHASE_075\commands_run.txt,f9f0d2ec0349162cf548f98cf607f31b3a3bdcc34592ec31bba7cbff4f3433dc
PHASE_075,evidence\phases\PHASE_075\sources_used.json,9654e95f4318ede0177129d7f967dc26f48a9da963545e049c2812dca8965c40
PHASE_075,evidence\phases\PHASE_075\assumptions.json,eb513482be79b96fad692e4dbc1da21be26ffe833ddc2882c770522e078d5f5d
PHASE_076,evidence\phases\PHASE_076\phase_note.md,39791153635fa52b09abf754fed82d1a57d07a668f69f3d13266872c0eab3818
PHASE_076,evidence\phases\PHASE_076\files_created.txt,94b9b10def51bb95e24a986ee60d122deabffe0f042ce351fda830e21b734dd3
PHASE_076,evidence\phases\PHASE_076\commands_run.txt,f9f0d2ec0349162cf548f98cf607f31b3a3bdcc34592ec31bba7cbff4f3433dc
PHASE_076,evidence\phases\PHASE_076\sources_used.json,30d371c43f4a0a79796295cbd8a12ea0af4ecbc1bb6c4c9ec64fbb90db891b8d
PHASE_076,evidence\phases\PHASE_076\assumptions.json,c2e5ec842df0abb9c080fa616bc149b9bf453f75a06e65e36484d71718aa0c9d
PHASE_077,evidence\phases\PHASE_077\phase_note.md,15117031f1ccb354f588089a7f1166715e7c7aa7a396914f2029722732174c28
PHASE_077,evidence\phases\PHASE_077\files_created.txt,94b9b10def51bb95e24a986ee60d122deabffe0f042ce351fda830e21b734dd3
PHASE_077,evidence\phases\PHASE_077\commands_run.txt,f9f0d2ec0349162cf548f98cf607f31b3a3bdcc34592ec31bba7cbff4f3433dc
PHASE_077,evidence\phases\PHASE_077\sources_used.json,999bfd3b971fde0232e37de063518a2d0e8ff983a39d54567dbdf4bb17442432
PHASE_077,evidence\phases\PHASE_077\assumptions.json,e4d4744b30be6b8bba3f5364782423d1c485ad13e4ee9735e009229d16f82e45
PHASE_078,evidence\phases\PHASE_078\phase_note.md,478e8e729caaa7932f2b5a54ab325748d155182ed2f506972f9fdbe7095b3268
PHASE_078,evidence\phases\PHASE_078\files_created.txt,94b9b10def51bb95e24a986ee60d122deabffe0f042ce351fda830e21b734dd3
PHASE_078,evidence\phases\PHASE_078\commands_run.txt,f9f0d2ec0349162cf548f98cf607f31b3a3bdcc34592ec31bba7cbff4f3433dc
PHASE_078,evidence\phases\PHASE_078\sources_used.json,e7e094538d2fbfb2ced24205e41932a34504c91ba24edd25059d74b5207ac5c4
PHASE_078,evidence\phases\PHASE_078\assumptions.json,fb50b96f696ce2da4ac8b37eac69845252f935fb4ee0a422046a7e070d0b6128
PHASE_079,evidence\phases\PHASE_079\phase_note.md,0c82f1577a1c89618b3d64f8532c01276d31eb97f8dd8271593a426881defff6
PHASE_079,evidence\phases\PHASE_079\files_created.txt,94b9b10def51bb95e24a986ee60d122deabffe0f042ce351fda830e21b734dd3
PHASE_079,evidence\phases\PHASE_079\commands_run.txt,f9f0d2ec0349162cf548f98cf607f31b3a3bdcc34592ec31bba7cbff4f3433dc
PHASE_079,evidence\phases\PHASE_079\sources_used.json,7c945974fffe94ae98a8ae2ed7913f7c109345bea5d68e7de9bc8c68ecca18ce
PHASE_079,evidence\phases\PHASE_079\assumptions.json,27dab0f9aea7c5576286ed51c079b5784e97a6c2f32b3b0a0a0e080221eeb436
PHASE_080,evidence\phases\PHASE_080\phase_note.md,d74cd916c6b7f1501d494b65613970d178e6bd0e9e104ade49a1b09a23bd00a7
PHASE_080,evidence\phases\PHASE_080\files_created.txt,94b9b10def51bb95e24a986ee60d122deabffe0f042ce351fda830e21b734dd3
PHASE_080,evidence\phases\PHASE_080\commands_run.txt,f9f0d2ec0349162cf548f98cf607f31b3a3bdcc34592ec31bba7cbff4f3433dc
PHASE_080,evidence\phases\PHASE_080\sources_used.json,2e862bc4a931c77e9ef76e71af2c5fdc47d5cee9f405a6c98d7c19a3b3e59daa
PHASE_080,evidence\phases\PHASE_080\assumptions.json,458a8721792d6e30b0a3ff26a21d4afb32112ff5345e24616161841c6ac776e3
PHASE_081,evidence\phases\PHASE_081\phase_note.md,c7d936e34fdb2b9f768cb328b01e2194001ddcbb4a01cbb7179342d1d1bb4cc9
PHASE_081,evidence\phases\PHASE_081\files_created.txt,94b9b10def51bb95e24a986ee60d122deabffe0f042ce351fda830e21b734dd3
PHASE_081,evidence\phases\PHASE_081\commands_run.txt,f9f0d2ec0349162cf548f98cf607f31b3a3bdcc34592ec31bba7cbff4f3433dc
PHASE_081,evidence\phases\PHASE_081\sources_used.json,1ec6391b5bdfae495aa8a1d7c05d42043d324381c69bb9b12d0b97b4c886c987
PHASE_081,evidence\phases\PHASE_081\assumptions.json,3d3e0c879552805171e16e0f5117bd7114403c833553f0ca7d40ed5a0dfe9e12
PHASE_082,evidence\phases\PHASE_082\phase_note.md,ddc355f7aba0bd9e0b7bf669f1d45cd38cb8b35d0a73a509492425f310638c8d
PHASE_082,evidence\phases\PHASE_082\files_created.txt,94b9b10def51bb95e24a986ee60d122deabffe0f042ce351fda830e21b734dd3
PHASE_082,evidence\phases\PHASE_082\commands_run.txt,f9f0d2ec0349162cf548f98cf607f31b3a3bdcc34592ec31bba7cbff4f3433dc
PHASE_082,evidence\phases\PHASE_082\sources_used.json,cde72069f3061d4e424cbd105ca1afc9949e7ba6b7aaa3bec2272dbeb051291b
PHASE_082,evidence\phases\PHASE_082\assumptions.json,d6ef85ed6ee4802e518b6ba721482516459004704b54c0d0589ee60381be682b
PHASE_083,evidence\phases\PHASE_083\phase_note.md,33cff6ed129b30fd9dc8fe6e034337884289c0d8efa9b01df99a1cbcc3d779b8
PHASE_083,evidence\phases\PHASE_083\files_created.txt,94b9b10def51bb95e24a986ee60d122deabffe0f042ce351fda830e21b734dd3
PHASE_083,evidence\phases\PHASE_083\commands_run.txt,f9f0d2ec0349162cf548f98cf607f31b3a3bdcc34592ec31bba7cbff4f3433dc
PHASE_083,evidence\phases\PHASE_083\sources_used.json,59bac8297d0a83aa1213c3bc166fa6f4cead282f278b3fa0f024e2a12e3c7fd1
PHASE_083,evidence\phases\PHASE_083\assumptions.json,b0ed1ad8f1fe773f5cb5ecabad85bfb62e6875102df0099b24a5641b88a07314
PHASE_084,evidence\phases\PHASE_084\phase_note.md,f0d990b7c48f598b579d18fa5ba6341d619b1e2dd3cd39c62b98e5fcd9b76a16
PHASE_084,evidence\phases\PHASE_084\files_created.txt,94b9b10def51bb95e24a986ee60d122deabffe0f042ce351fda830e21b734dd3
PHASE_084,evidence\phases\PHASE_084\commands_run.txt,f9f0d2ec0349162cf548f98cf607f31b3a3bdcc34592ec31bba7cbff4f3433dc
PHASE_084,evidence\phases\PHASE_084\sources_used.json,5ef0fcd8d2dfa58795f99059a9d9b4acf7cab45dc131edc29a96c5ca4224ece5
PHASE_084,evidence\phases\PHASE_084\assumptions.json,96319e3ae4db0bfa067251a317dd3e02442cdf202405f868c0b5315b4443ec89
PHASE_085,evidence\phases\PHASE_085\phase_note.md,6b38160405ac44b4c78f8757578cddbbf1cf8b06b811a7149ae91a71e78e45c6
PHASE_085,evidence\phases\PHASE_085\files_created.txt,94b9b10def51bb95e24a986ee60d122deabffe0f042ce351fda830e21b734dd3
PHASE_085,evidence\phases\PHASE_085\commands_run.txt,f9f0d2ec0349162cf548f98cf607f31b3a3bdcc34592ec31bba7cbff4f3433dc
PHASE_085,evidence\phases\PHASE_085\sources_used.json,9c959445d68bcd28dcb815c689eab066d57e84250b15cb1fd7a8866fe9a4c3d7
PHASE_085,evidence\phases\PHASE_085\assumptions.json,47881035ef07c58715fec0f1964f3756f77e8a7eb68ba00ac103f0225623c91e
PHASE_086,evidence\phases\PHASE_086\phase_note.md,8b679b326e4f8f198b2800a31fa77c4da3f77e63925ffee64a622da6a025ecea
PHASE_086,evidence\phases\PHASE_086\files_created.txt,94b9b10def51bb95e24a986ee60d122deabffe0f042ce351fda830e21b734dd3
PHASE_086,evidence\phases\PHASE_086\commands_run.txt,f9f0d2ec0349162cf548f98cf607f31b3a3bdcc34592ec31bba7cbff4f3433dc
PHASE_086,evidence\phases\PHASE_086\sources_used.json,616d2f219f3078ccb7f9dac309516e0b3b446b42cb1734b30ca2d1eb1ca12691
PHASE_086,evidence\phases\PHASE_086\assumptions.json,f7f9e0636b39486c5b3a5bd4cf3318058a5630a157d0d7e81b6f9447df73c45f
PHASE_087,evidence\phases\PHASE_087\phase_note.md,eb7568fc77aabf8b3d1d6be1854c8abc2f19d4b02d2c06527ada8a1357d24aa5
PHASE_087,evidence\phases\PHASE_087\files_created.txt,94b9b10def51bb95e24a986ee60d122deabffe0f042ce351fda830e21b734dd3
PHASE_087,evidence\phases\PHASE_087\commands_run.txt,f9f0d2ec0349162cf548f98cf607f31b3a3bdcc34592ec31bba7cbff4f3433dc
PHASE_087,evidence\phases\PHASE_087\sources_used.json,705d6a7254ab642e5857c0688400f897463836b45509b210340053e132ce8f82
PHASE_087,evidence\phases\PHASE_087\assumptions.json,6210a0316c7a5bd6569f1a0c811d7550d64f2ec9c93b25248476ff3ab64c4e92
PHASE_088,evidence\phases\PHASE_088\phase_note.md,4a09ba87db5f3e91fcb666cc071989ea154a6866522ba8d98d67700903578a1d
PHASE_088,evidence\phases\PHASE_088\files_created.txt,94b9b10def51bb95e24a986ee60d122deabffe0f042ce351fda830e21b734dd3
PHASE_088,evidence\phases\PHASE_088\commands_run.txt,f9f0d2ec0349162cf548f98cf607f31b3a3bdcc34592ec31bba7cbff4f3433dc
PHASE_088,evidence\phases\PHASE_088\sources_used.json,2ea41f57e0dbf5fa0cb0505a152145c9481624eb523a576d228c0151e48cf48c
PHASE_088,evidence\phases\PHASE_088\assumptions.json,1513961a60a8cf8374d53b8b1fd6d27fdbcb8fb348dd7ba3119aac0671e41186
PHASE_089,evidence\phases\PHASE_089\phase_note.md,055edb0c5a3b594269dffa21349507bcae3028eec385d2f5061ff9182d27e378
PHASE_089,evidence\phases\PHASE_089\files_created.txt,94b9b10def51bb95e24a986ee60d122deabffe0f042ce351fda830e21b734dd3
PHASE_089,evidence\phases\PHASE_089\commands_run.txt,f9f0d2ec0349162cf548f98cf607f31b3a3bdcc34592ec31bba7cbff4f3433dc
PHASE_089,evidence\phases\PHASE_089\sources_used.json,f6edf4a9dee13297815267b98d40841786155c45e67654185a76fd3a5c45d6ec
PHASE_089,evidence\phases\PHASE_089\assumptions.json,b13d86cb8f93ea5d9be234720e26e8ccc9d363ac6d2cabc9a5e5bd51933ae9ce
PHASE_090,evidence\phases\PHASE_090\phase_note.md,50cd2ffa2716551489903476fe89c4c60aba133e9eb517b27b51606b16c61ae7
PHASE_090,evidence\phases\PHASE_090\files_created.txt,94b9b10def51bb95e24a986ee60d122deabffe0f042ce351fda830e21b734dd3
PHASE_090,evidence\phases\PHASE_090\commands_run.txt,f9f0d2ec0349162cf548f98cf607f31b3a3bdcc34592ec31bba7cbff4f3433dc
PHASE_090,evidence\phases\PHASE_090\sources_used.json,eb46d307147be26a5fa0dd7758829a0c4b750151ecbfc2ac72f4042176410687
PHASE_090,evidence\phases\PHASE_090\assumptions.json,84c935804d492c8f3b7b315f6e82b73766363c94caa40ab76bd288919f19a50d
PHASE_091,evidence\phases\PHASE_091\phase_note.md,f6e07e55d8836c117e2fb6803b65f4e5fa4ba492bfca59dad152a63a66e95a3e
PHASE_091,evidence\phases\PHASE_091\files_created.txt,94b9b10def51bb95e24a986ee60d122deabffe0f042ce351fda830e21b734dd3
PHASE_091,evidence\phases\PHASE_091\commands_run.txt,f9f0d2ec0349162cf548f98cf607f31b3a3bdcc34592ec31bba7cbff4f3433dc
PHASE_091,evidence\phases\PHASE_091\sources_used.json,fd7d6885c9c73710be40a7fcc32df026d4df98c91b892241f6834dfa1082763d
PHASE_091,evidence\phases\PHASE_091\assumptions.json,87a94b54fc3f1e7889bff2e45a38c84a51630ee4a08becd3dbbc0fa374bf7140
PHASE_092,evidence\phases\PHASE_092\phase_note.md,a94d4ae380b7f0f3c373ed3611ad1c985cf94f0f5880c400b69c9d147922eacd
PHASE_092,evidence\phases\PHASE_092\files_created.txt,94b9b10def51bb95e24a986ee60d122deabffe0f042ce351fda830e21b734dd3
PHASE_092,evidence\phases\PHASE_092\commands_run.txt,f9f0d2ec0349162cf548f98cf607f31b3a3bdcc34592ec31bba7cbff4f3433dc
PHASE_092,evidence\phases\PHASE_092\sources_used.json,ee939b76bc146893df8e439becbaba69e8bd4312bf892c1e7eb220dc8baa2d7f
PHASE_092,evidence\phases\PHASE_092\assumptions.json,94dbde7379442d5af631b0bb7a43c7e93857e17698dc6bc0801f3d91a77cce23
PHASE_093,evidence\phases\PHASE_093\phase_note.md,aa41ff40fecaa77d6b3a5cf2ac2375b150a19b0844ac40bfccd68b892f48d2ef
PHASE_093,evidence\phases\PHASE_093\files_created.txt,94b9b10def51bb95e24a986ee60d122deabffe0f042ce351fda830e21b734dd3
PHASE_093,evidence\phases\PHASE_093\commands_run.txt,f9f0d2ec0349162cf548f98cf607f31b3a3bdcc34592ec31bba7cbff4f3433dc
PHASE_093,evidence\phases\PHASE_093\sources_used.json,9c621ba0cb25ef89311b1627e846019bb93ee0c2adfa72d5f478e993477dcfe2
PHASE_093,evidence\phases\PHASE_093\assumptions.json,0243c5e4f413943f7453f4bda5cda745b4cf38cdd48dd465ccd141d38faccdeb
PHASE_094,evidence\phases\PHASE_094\phase_note.md,bce0227cdaad7e84f89c9fbc3fd89173170558c0a0abf5f1849cb9236450076b
PHASE_094,evidence\phases\PHASE_094\files_created.txt,94b9b10def51bb95e24a986ee60d122deabffe0f042ce351fda830e21b734dd3
PHASE_094,evidence\phases\PHASE_094\commands_run.txt,f9f0d2ec0349162cf548f98cf607f31b3a3bdcc34592ec31bba7cbff4f3433dc
PHASE_094,evidence\phases\PHASE_094\sources_used.json,307520c17a6b31ad3c3374031ec8e596142e6434efc4a90373fcf0859171ba3d
PHASE_094,evidence\phases\PHASE_094\assumptions.json,c94db7b175ce0e834ed878206c41daf542b53a75c8f2539eb4c93e546d7244c0
PHASE_095,evidence\phases\PHASE_095\phase_note.md,abb42c2288e99c2dfa81ad8fbce4f30ca6b0635ceda56ed3e25bc07f6e5e1cf3
PHASE_095,evidence\phases\PHASE_095\files_created.txt,94b9b10def51bb95e24a986ee60d122deabffe0f042ce351fda830e21b734dd3
PHASE_095,evidence\phases\PHASE_095\commands_run.txt,f9f0d2ec0349162cf548f98cf607f31b3a3bdcc34592ec31bba7cbff4f3433dc
PHASE_095,evidence\phases\PHASE_095\sources_used.json,ff5a40377fa967c8cfd0e707854bd72900ea8ade3bf5ce7ddcc31c2d229487e5
PHASE_095,evidence\phases\PHASE_095\assumptions.json,f1d54d072f95b7993107cfd7cd7d741f9aed52f53b8fc55de058a1e7baafe0ce
PHASE_096,evidence\phases\PHASE_096\phase_note.md,9f7440f47f30973a609dc8362143dfd3c35f1dc6c04fbfb52695f9aa501eeead
PHASE_096,evidence\phases\PHASE_096\files_created.txt,94b9b10def51bb95e24a986ee60d122deabffe0f042ce351fda830e21b734dd3
PHASE_096,evidence\phases\PHASE_096\commands_run.txt,f9f0d2ec0349162cf548f98cf607f31b3a3bdcc34592ec31bba7cbff4f3433dc
PHASE_096,evidence\phases\PHASE_096\sources_used.json,e968486814e11835011ed06f0e6296d15bab1f6dff5b5670c10abe9e81984f1a
PHASE_096,evidence\phases\PHASE_096\assumptions.json,2ecd05e9c0fc07d96643a03ab8e16dc76f895ea41d4a0a0d5c232027f6aaea16
PHASE_097,evidence\phases\PHASE_097\phase_note.md,760808c81aed90e86dbe3ec9665e555706fcdc10a1c4f3dbe7c8b746fcea1eca
PHASE_097,evidence\phases\PHASE_097\files_created.txt,94b9b10def51bb95e24a986ee60d122deabffe0f042ce351fda830e21b734dd3
PHASE_097,evidence\phases\PHASE_097\commands_run.txt,f9f0d2ec0349162cf548f98cf607f31b3a3bdcc34592ec31bba7cbff4f3433dc
PHASE_097,evidence\phases\PHASE_097\sources_used.json,c076239512990bac4d1072f3f70b478650435c2feddfbe59dbd76bd306af6dfc
PHASE_097,evidence\phases\PHASE_097\assumptions.json,e22ba089d18f3f98720731759b25c597f27b7539f492843e516ebc9b9e2c9cd4
PHASE_098,evidence\phases\PHASE_098\phase_note.md,a1477a300b41f2d8cbf36b84573270db5f6d5ac72b4a031fd6c21a502c3c09f0
PHASE_098,evidence\phases\PHASE_098\files_created.txt,94b9b10def51bb95e24a986ee60d122deabffe0f042ce351fda830e21b734dd3
PHASE_098,evidence\phases\PHASE_098\commands_run.txt,f9f0d2ec0349162cf548f98cf607f31b3a3bdcc34592ec31bba7cbff4f3433dc
PHASE_098,evidence\phases\PHASE_098\sources_used.json,e3aa4b5636e705caf48eced53bab04c3899df7ed30a8bdeb6f6fb5b37337ba86
PHASE_098,evidence\phases\PHASE_098\assumptions.json,9ee6656585b90af7e862f330adf3a88c5031a733bacd24f7e6b49ba1bf9a5252
PHASE_099,evidence\phases\PHASE_099\phase_note.md,a3117a14902eb5783a536aaf9aaeec2c13a82ad8da14ef7f2fb89ff0b38ce0bd
PHASE_099,evidence\phases\PHASE_099\files_created.txt,94b9b10def51bb95e24a986ee60d122deabffe0f042ce351fda830e21b734dd3
PHASE_099,evidence\phases\PHASE_099\commands_run.txt,f9f0d2ec0349162cf548f98cf607f31b3a3bdcc34592ec31bba7cbff4f3433dc
PHASE_099,evidence\phases\PHASE_099\sources_used.json,ea00d507fd59611dbf3830199e37f013d270b795bbe76080057a850ccb1f8a0c
PHASE_099,evidence\phases\PHASE_099\assumptions.json,e1788c640ffcbd838b7c63614b4597749d3f67c73f059a39975ac26230bb7740
PHASE_100,evidence\phases\PHASE_100\phase_note.md,a1c0a13364f6349bfe337c25b31b09f07db4381b4b465d159f80c252b198406b
PHASE_100,evidence\phases\PHASE_100\files_created.txt,94b9b10def51bb95e24a986ee60d122deabffe0f042ce351fda830e21b734dd3
PHASE_100,evidence\phases\PHASE_100\commands_run.txt,f9f0d2ec0349162cf548f98cf607f31b3a3bdcc34592ec31bba7cbff4f3433dc
PHASE_100,evidence\phases\PHASE_100\sources_used.json,06754edc823d4d00dc479957c5229f26bfbbf1ee5259b6bea3ccdd40af8bb2f4
PHASE_100,evidence\phases\PHASE_100\assumptions.json,846f9e581c85eef8c15294cfe3424cfd95173a46af02431236d6785cfee0a2a3
